{
  "formatVersion": 1,
  "database": {
    "version": 1,
    "identityHash": "980b388b8ca4de3695857549072ef55b",
    "entities": [
      {
        "tableName": "usuarios",
        "createSql": "CREATE TABLE IF NOT EXISTS `${TABLE_NAME}` (`apelido` TEXT NOT NULL, `imagem` TEXT, `email` TEXT NOT NULL, `senha` TEXT NOT NULL, `nome` TEXT NOT NULL, `estado` TEXT NOT NULL, `ddd` TEXT NOT NULL, `telefone` TEXT NOT NULL, `id` INTEGER PRIMARY KEY AUTOINCREMENT)",
        "fields": [
          {
            "fieldPath": "apelido",
            "columnName": "apelido",
            "affinity": "TEXT",
            "notNull": true
          },
          {
            "fieldPath": "imagem",
            "columnName": "imagem",
            "affinity": "TEXT",
            "notNull": false
          },
          {
            "fieldPath": "email",
            "columnName": "email",
            "affinity": "TEXT",
            "notNull": true
          },
          {
            "fieldPath": "senha",
            "columnName": "senha",
            "affinity": "TEXT",
            "notNull": true
          },
          {
            "fieldPath": "nome",
            "columnName": "nome",
            "affinity": "TEXT",
            "notNull": true
          },
          {
            "fieldPath": "estado",
            "columnName": "estado",
            "affinity": "TEXT",
            "notNull": true
          },
          {
            "fieldPath": "ddd",
            "columnName": "ddd",
            "affinity": "TEXT",
            "notNull": true
          },
          {
            "fieldPath": "telefone",
            "columnName": "telefone",
            "affinity": "TEXT",
            "notNull": true
          },
          {
            "fieldPath": "id",
            "columnName": "id",
            "affinity": "INTEGER",
            "notNull": false
          }
        ],
        "primaryKey": {
          "columnNames": [
            "id"
          ],
          "autoGenerate": true
        },
        "indices": [],
        "foreignKeys": []
      }
    ],
    "views": [],
    "setupQueries": [
      "CREATE TABLE IF NOT EXISTS room_master_table (id INTEGER PRIMARY KEY,identity_hash TEXT)",
      "INSERT OR REPLACE INTO room_master_table (id,identity_hash) VALUES(42, '980b388b8ca4de3695857549072ef55b')"
    ]
  }
}