{
  "project_info": {
    "project_number": "708491077753",
    "firebase_url": "https://radion-23f62.firebaseio.com",
    "project_id": "radion-23f62",
    "storage_bucket": "radion-23f62.appspot.com"
  },
  "client": [
    {
      "client_info": {
        "mobilesdk_app_id": "1:708491077753:android:bd2fd2705bd2dbd577cca8",
        "android_client_info": {
          "package_name": "com.example.pb_android_radion"
        }
      },
      "oauth_client": [
        {
          "client_id": "708491077753-894960ora9dhi2b78jeii0savsn406os.apps.googleusercontent.com",
          "client_type": 1,
          "android_info": {
            "package_name": "com.example.pb_android_radion",
            "certificate_hash": "8c4c60b6ac05f2a5ad04866cfb22799bee6a84ce"
          }
        },
        {
          "client_id": "708491077753-red7if0pmb1dl9qr5eu4fpmjk49stnfu.apps.googleusercontent.com",
          "client_type": 3
        }
      ],
      "api_key": [
        {
          "current_key": "AIzaSyA7gMGuiFAjYA_RaXZf7LotvLCb0Uw8Ou8"
        }
      ],
      "services": {
        "appinvite_service": {
          "other_platform_oauth_client": [
            {
              "client_id": "708491077753-red7if0pmb1dl9qr5eu4fpmjk49stnfu.apps.googleusercontent.com",
              "client_type": 3
            }
          ]
        }
      }
    }
  ],
  "configuration_version": "1"
}